<?xml version="1.0" encoding="UTF-8"?>
<!-- this file should be moved to tomcat's conf/hubzu folder and env variable 
	log4j.configurationFile should point to the absolute path of this file -->
<Configuration status="INFO">

	<!-- below env variables must be set before running the application -->
	<Properties>
		<Property name="logFilePath">${env:catalina.home}/logs</Property>
		<Property name="logLevel">debug</Property>
	</Properties>

	<Appenders>
		<Console name="Console" target="SYSTEM_OUT">
			<PatternLayout pattern="%d{HH:mm:ss.SSS} [%t] %-5level %logger{36} - %msg%n" />
		</Console>
		<RollingFile name="RollingFileAppender" fileName="${logFilePath}/listingsws.log"
			filePattern="${logFilePath}/addrserv-%d{yyyy-MM-dd}-%i.log" bufferedIO="false"
			immediateFlush="true" append="true">
			<PatternLayout>
				<pattern>%d %p %C{1.} [%t] %m%n</pattern>
			</PatternLayout>
			<Policies>
				<SizeBasedTriggeringPolicy size="10 MB" />
			</Policies>
			<DefaultRolloverStrategy max="50" />
		</RollingFile>
	</Appenders>

	<Loggers>
		<Root level="${logLevel}">
			<AppenderRef ref="RollingFileAppender" />
		</Root>
		<Logger name="org.hibernate" level="${logLevel}" />
		<Logger name="org.hibernate.SQL" level="${logLevel}" />
		<Logger name="org.springframework" level="${logLevel}" />
	</Loggers>
</Configuration>
