[{"state":"AA","stateName":"ARMED FORCES AMERICA (except Canada)"},
{"state":"AE","stateName":"ARMED FORCES AFRICA/Canada/Europe/MiddleEast"},
{"state":"AK","stateName":"ALASKA"},
{"state":"AL","stateName":"ALABAMA"},
{"state":"AP","stateName":"ARMED FORCES PACIFIC"},
{"state":"AR","stateName":"ARKANSAS"},
{"state":"AS","stateName":"AMERICAN SAMOA"},
{"state":"AZ","stateName":"ARIZONA"},
{"state":"CA","stateName":"CALIFORNIA"},
{"state":"CO","stateName":"COLORADO"},
{"state":"CT","stateName":"CONNECTICUT"},
{"state":"DC","stateName":"DISTRICT OF COLUMBIA"},
{"state":"DE","stateName":"DELAWARE"},
{"state":"FL","stateName":"FLORIDA"},
{"state":"FM","stateName":"FEDERATED STATES OF MICRONESIA"},
{"state":"GA","stateName":"GEORGIA"},
{"state":"GU","stateName":"GUAM"},
{"state":"HI","stateName":"HAWAII"},
{"state":"IA","stateName":"IOWA"},
{"state":"ID","stateName":"IDAHO"},
{"state":"IL","stateName":"ILLINOIS"},
{"state":"IN","stateName":"INDIANA"},
{"state":"KS","stateName":"KANSAS"},
{"state":"KY","stateName":"KENTUCKY"},
{"state":"LA","stateName":"LOUISIANA"},
{"state":"MA","stateName":"MASSACHUSETTS"},
{"state":"MD","stateName":"MARYLAND"},
{"state":"ME","stateName":"MAINE"},
{"state":"MH","stateName":"MARSHALL ISLANDS"},
{"state":"MI","stateName":"MICHIGAN"},
{"state":"MN","stateName":"MINNESOTA"},
{"state":"MO","stateName":"MISSOURI"},
{"state":"MP","stateName":"NORTHERN MARIANA ISLANDS"},
{"state":"MS","stateName":"MISSISSIPPI"},
{"state":"MT","stateName":"MONTANA"},
{"state":"NC","stateName":"NORTH CAROLINA"},
{"state":"ND","stateName":"NORTH DAKOTA"},
{"state":"NE","stateName":"NEBRASKA"},
{"state":"NH","stateName":"NEW HAMPSHIRE"},
{"state":"NJ","stateName":"NEW JERSEY"},
{"state":"NM","stateName":"NEW MEXICO"},
{"state":"NV","stateName":"NEVADA"},
{"state":"NY","stateName":"NEW YORK"},
{"state":"OH","stateName":"OHIO"},
{"state":"OK","stateName":"OKLAHOMA"},
{"state":"OR","stateName":"OREGON"},
{"state":"PA","stateName":"PENNSYLVANIA"},
{"state":"PR","stateName":"PUERTO RICO"},
{"state":"PW","stateName":"REPUBLIC OF PALAU"},
{"state":"RI","stateName":"RHODE ISLAND"},
{"state":"SC","stateName":"SOUTH CAROLINA"},
{"state":"SD","stateName":"SOUTH DAKOTA"},
{"state":"TN","stateName":"TENNESSEE"},
{"state":"TX","stateName":"TEXAS"},
{"state":"UT","stateName":"UTAH"},
{"state":"VA","stateName":"VIRGINIA"},
{"state":"VI","stateName":"VIRGIN ISLANDS"},
{"state":"VT","stateName":"VERMONT"},
{"state":"WA","stateName":"WASHINGTON"},
{"state":"WI","stateName":"WISCONSIN"},
{"state":"WV","stateName":"WEST VIRGINIA"},
{"state":"WY","stateName":"WYOMING"}]